chapter;chapterTitle;section;sectionTitle;category;categoryTitle;term
I;Ciertas enfermedades infecciosas y parasitarias;A00-A09;Enfermedades infecciosas intestinales;A00;Cólera;Canonical
I;Ciertas enfermedades infecciosas y parasitarias;A00-A09;Enfermedades infecciosas intestinales;A01;Fiebres tifoidea y paratifoidea;Canonical
I;Ciertas enfermedades infecciosas y parasitarias;A00-A09;Enfermedades infecciosas intestinales;A02;Otras infecciones debidas a Salmonella;Canonical
I;Ciertas enfermedades infecciosas y parasitarias;A00-A09;Enfermedades infecciosas intestinales;A03;Shigelosis;Canonical
I;Ciertas enfermedades infecciosas y parasitarias;A00-A09;Enfermedades infecciosas intestinales;A04;Otras infecciones intestinales bacterianas;Canonical
I;Ciertas enfermedades infecciosas y parasitarias;A00-A09;Enfermedades infecciosas intestinales;A05;Otras intoxicaciones alimentarias bacterianas, no clasificadas en otra parte;Canonical
I;Ciertas enfermedades infecciosas y parasitarias;A00-A09;Enfermedades infecciosas intestinales;A06;Amebiasis;Canonical
I;Ciertas enfermedades infecciosas y parasitarias;A00-A09;Enfermedades infecciosas intestinales;A06;infección debida a Entamoeba histolytica;Inclusion
I;Ciertas enfermedades infecciosas y parasitarias;A00-A09;Enfermedades infecciosas intestinales;A07;Otras enfermedades intestinales debidas a protozoarios;Canonical
I;Ciertas enfermedades infecciosas y parasitarias;A00-A09;Enfermedades infecciosas intestinales;A08;Infecciones intestinales debidas a virus y otros organismos especificados;Canonical
I;Ciertas enfermedades infecciosas y parasitarias;A00-A09;Enfermedades infecciosas intestinales;A09;Diarrea y gastroenteritis de presunto origen infeccioso;Canonical
I;Ciertas enfermedades infecciosas y parasitarias;A00-A09;Enfermedades infecciosas intestinales;A09;Catarro entérico o intestinal;Inclusion
I;Ciertas enfermedades infecciosas y parasitarias;A00-A09;Enfermedades infecciosas intestinales;A09;Colitis SAI hemorrágica séptica;Inclusion
I;Ciertas enfermedades infecciosas y parasitarias;A00-A09;Enfermedades infecciosas intestinales;A09;Enteritis SAI hemorrágica séptica;Inclusion
I;Ciertas enfermedades infecciosas y parasitarias;A00-A09;Enfermedades infecciosas intestinales;A09;Gastroenteritis SAI hemorrágica séptica;Inclusion
I;Ciertas enfermedades infecciosas y parasitarias;A00-A09;Enfermedades infecciosas intestinales;A09;Diarrea SAI;Inclusion
I;Ciertas enfermedades infecciosas y parasitarias;A00-A09;Enfermedades infecciosas intestinales;A09;Diarrea disentérica;Inclusion
I;Ciertas enfermedades infecciosas y parasitarias;A00-A09;Enfermedades infecciosas intestinales;A09;Diarrea epidémica;Inclusion
I;Ciertas enfermedades infecciosas y parasitarias;A00-A09;Enfermedades infecciosas intestinales;A09;Enfermedad diarreica infecciosa SAI;Inclusion
I;Ciertas enfermedades infecciosas y parasitarias;A15–A19;Tuberculosis;A15;Tuberculosis respiratoria, confirmada bacteriológica e histológicamente;Canonical
I;Ciertas enfermedades infecciosas y parasitarias;A15–A19;Tuberculosis;A16;Tuberculosis respiratoria, no confirmada bacteriológica o histológicamente ;Canonical
I;Ciertas enfermedades infecciosas y parasitarias;A15–A19;Tuberculosis;A17;Tuberculosis del sistema nervioso;Canonical
I;Ciertas enfermedades infecciosas y parasitarias;A15–A19;Tuberculosis;A18;Tuberculosis de otros órganos;Canonical
I;Ciertas enfermedades infecciosas y parasitarias;A15–A19;Tuberculosis;A19;Tuberculosis miliar;Canonical
I;Ciertas enfermedades infecciosas y parasitarias;A15–A19;Tuberculosis;A19;poliserositis tuberculosa;Inclusion
I;Ciertas enfermedades infecciosas y parasitarias;A15–A19;Tuberculosis;A19;tuberculosis generalizada;Inclusion
I;Ciertas enfermedades infecciosas y parasitarias;A15–A19;Tuberculosis;A19;tuberculosis diseminada;Inclusion
I;Ciertas enfermedades infecciosas y parasitarias;A20–A28;Ciertas zoonosis bacterianas;A20;Peste;Canonical
I;Ciertas enfermedades infecciosas y parasitarias;A20–A28;Ciertas zoonosis bacterianas;A20;infección debida a Yersinia pestis;Inclusion
I;Ciertas enfermedades infecciosas y parasitarias;A20–A28;Ciertas zoonosis bacterianas;A21;Tularemia;Canonical
I;Ciertas enfermedades infecciosas y parasitarias;A20–A28;Ciertas zoonosis bacterianas;A21;fiebre de la mosca del venado;Inclusion
I;Ciertas enfermedades infecciosas y parasitarias;A20–A28;Ciertas zoonosis bacterianas;A21;fiebre de los conejos;Inclusion
I;Ciertas enfermedades infecciosas y parasitarias;A20–A28;Ciertas zoonosis bacterianas;A21;infección por Francisella tularensis;Inclusion
I;Ciertas enfermedades infecciosas y parasitarias;A20–A28;Ciertas zoonosis bacterianas;A22;Carbunco [ántrax];Canonical
I;Ciertas enfermedades infecciosas y parasitarias;A20–A28;Ciertas zoonosis bacterianas;A22;infección debida a Bacillus anthracis;Inclusion
I;Ciertas enfermedades infecciosas y parasitarias;A20–A28;Ciertas zoonosis bacterianas;A23;Brucelosis;Canonical
I;Ciertas enfermedades infecciosas y parasitarias;A20–A28;Ciertas zoonosis bacterianas;A23;Fiebre de Malta;Inclusion
I;Ciertas enfermedades infecciosas y parasitarias;A20–A28;Ciertas zoonosis bacterianas;A23;fiebre mediterránea;Inclusion
I;Ciertas enfermedades infecciosas y parasitarias;A20–A28;Ciertas zoonosis bacterianas;A23;fiebre ondulante;Inclusion
I;Ciertas enfermedades infecciosas y parasitarias;A20–A28;Ciertas zoonosis bacterianas;A24;Muermo y melioidosis;Canonical
I;Ciertas enfermedades infecciosas y parasitarias;A20–A28;Ciertas zoonosis bacterianas;A25;Fiebres por mordedura de rata;Canonical
I;Ciertas enfermedades infecciosas y parasitarias;A20–A28;Ciertas zoonosis bacterianas;A26;Erisipeloide;Canonical
I;Ciertas enfermedades infecciosas y parasitarias;A20–A28;Ciertas zoonosis bacterianas;A27;Leptospirosis;Canonical
I;Ciertas enfermedades infecciosas y parasitarias;A20–A28;Ciertas zoonosis bacterianas;A28;Otras enfermedades zoonóticas bacterianas, no clasificadas en otra parte;Canonical
I;Ciertas enfermedades infecciosas y parasitarias;A30–A49;Otras enfermedades bacterianas;A30;Lepra [enfermedad de Hansen];Canonical
I;Ciertas enfermedades infecciosas y parasitarias;A30–A49;Otras enfermedades bacterianas;A30;infección por Mycobacterium leprae;Inclusion
I;Ciertas enfermedades infecciosas y parasitarias;A30–A49;Otras enfermedades bacterianas;A31;Infecciones debidas a otras micobacterias;Canonical
I;Ciertas enfermedades infecciosas y parasitarias;A30–A49;Otras enfermedades bacterianas;A32;Listeriosis;Canonical
I;Ciertas enfermedades infecciosas y parasitarias;A30–A49;Otras enfermedades bacterianas;A32;infección alimentaria debida a listeria;Inclusion
I;Ciertas enfermedades infecciosas y parasitarias;A30–A49;Otras enfermedades bacterianas;A33;Tétanos neonatal;Canonical
I;Ciertas enfermedades infecciosas y parasitarias;A30–A49;Otras enfermedades bacterianas;A34;Tétanos obstétrico;Canonical
I;Ciertas enfermedades infecciosas y parasitarias;A30–A49;Otras enfermedades bacterianas;A35;Otros tétanos;Canonical
I;Ciertas enfermedades infecciosas y parasitarias;A30–A49;Otras enfermedades bacterianas;A35;Tétanos SAI;Inclusion
I;Ciertas enfermedades infecciosas y parasitarias;A30–A49;Otras enfermedades bacterianas;A36;Difteria;Canonical
I;Ciertas enfermedades infecciosas y parasitarias;A30–A49;Otras enfermedades bacterianas;A37;Tos ferina [tos convulsiva];Canonical
I;Ciertas enfermedades infecciosas y parasitarias;A30–A49;Otras enfermedades bacterianas;A38;Escarlatina;Canonical
I;Ciertas enfermedades infecciosas y parasitarias;A30–A49;Otras enfermedades bacterianas;A38;Fiebre escarlatina;Inclusion
I;Ciertas enfermedades infecciosas y parasitarias;A30–A49;Otras enfermedades bacterianas;A39;Enfermedad meningocócica;Canonical
I;Ciertas enfermedades infecciosas y parasitarias;A30–A49;Otras enfermedades bacterianas;A40;Septicemia estreptocócica;Canonical
I;Ciertas enfermedades infecciosas y parasitarias;A30–A49;Otras enfermedades bacterianas;A41;Otras septicemias;Canonical
I;Ciertas enfermedades infecciosas y parasitarias;A30–A49;Otras enfermedades bacterianas;A42;Actinomicosis;Canonical
I;Ciertas enfermedades infecciosas y parasitarias;A30–A49;Otras enfermedades bacterianas;A43;Nocardiosis;Canonical
I;Ciertas enfermedades infecciosas y parasitarias;A30–A49;Otras enfermedades bacterianas;A44;Bartonelosis;Canonical
I;Ciertas enfermedades infecciosas y parasitarias;A30–A49;Otras enfermedades bacterianas;A46;Erisipela;Canonical
I;Ciertas enfermedades infecciosas y parasitarias;A30–A49;Otras enfermedades bacterianas;A48;Otras enfermedades bacterianas, no clasificadas en otra parte;Canonical
I;Ciertas enfermedades infecciosas y parasitarias;A30–A49;Otras enfermedades bacterianas;A49;Infección bacteriana de sitio no especificado;Canonical
I;Ciertas enfermedades infecciosas y parasitarias;A50–A64;Infecciones con modo de transmisión predominantemente sexual;A50;Sífilis congénita;Canonical
I;Ciertas enfermedades infecciosas y parasitarias;A50–A64;Infecciones con modo de transmisión predominantemente sexual;A51;Sífilis precoz;Canonical
I;Ciertas enfermedades infecciosas y parasitarias;A50–A64;Infecciones con modo de transmisión predominantemente sexual;A52;Sífilis tardía;Canonical
I;Ciertas enfermedades infecciosas y parasitarias;A50–A64;Infecciones con modo de transmisión predominantemente sexual;A53;Otras sífilis y las no especificadas;Canonical
I;Ciertas enfermedades infecciosas y parasitarias;A50–A64;Infecciones con modo de transmisión predominantemente sexual;A54;Infección gonocócica;Canonical
I;Ciertas enfermedades infecciosas y parasitarias;A50–A64;Infecciones con modo de transmisión predominantemente sexual;A55;Linfogranuloma (venéreo) por clamidias;Canonical
I;Ciertas enfermedades infecciosas y parasitarias;A50–A64;Infecciones con modo de transmisión predominantemente sexual;A55;Bubón climático o tropical;Inclusion
I;Ciertas enfermedades infecciosas y parasitarias;A50–A64;Infecciones con modo de transmisión predominantemente sexual;A55;Enfermedad de Durand-Nicolas-Favre;Inclusion
I;Ciertas enfermedades infecciosas y parasitarias;A50–A64;Infecciones con modo de transmisión predominantemente sexual;A55;Estiómeno;Inclusion
I;Ciertas enfermedades infecciosas y parasitarias;A50–A64;Infecciones con modo de transmisión predominantemente sexual;A55;Linfogranuloma inguinal;Inclusion
I;Ciertas enfermedades infecciosas y parasitarias;A50–A64;Infecciones con modo de transmisión predominantemente sexual;A56;Otras enfermedades de transmisión sexual debidas a clamidias;Canonical
I;Ciertas enfermedades infecciosas y parasitarias;A50–A64;Infecciones con modo de transmisión predominantemente sexual;A56;enfermedades de transmisión sexual debidas a Chlamydia trachomatis;Inclusion
I;Ciertas enfermedades infecciosas y parasitarias;A50–A64;Infecciones con modo de transmisión predominantemente sexual;A56;conjuntivitis neonatal debida a clamidias;Inclusion
I;Ciertas enfermedades infecciosas y parasitarias;A50–A64;Infecciones con modo de transmisión predominantemente sexual;A56;linfogranuloma debida a clamidias;Inclusion
I;Ciertas enfermedades infecciosas y parasitarias;A50–A64;Infecciones con modo de transmisión predominantemente sexual;A56;neumonía neonatal debida a clamidias;Inclusion
I;Ciertas enfermedades infecciosas y parasitarias;A50–A64;Infecciones con modo de transmisión predominantemente sexual;A57;Chancro blando;Canonical
I;Ciertas enfermedades infecciosas y parasitarias;A50–A64;Infecciones con modo de transmisión predominantemente sexual;A57;Chancroide;Inclusion
I;Ciertas enfermedades infecciosas y parasitarias;A50–A64;Infecciones con modo de transmisión predominantemente sexual;A57;Ulcus molle;Inclusion
I;Ciertas enfermedades infecciosas y parasitarias;A50–A64;Infecciones con modo de transmisión predominantemente sexual;A58;Granuloma inguinal;Canonical
I;Ciertas enfermedades infecciosas y parasitarias;A50–A64;Infecciones con modo de transmisión predominantemente sexual;A58;Donovanosis;Inclusion
I;Ciertas enfermedades infecciosas y parasitarias;A50–A64;Infecciones con modo de transmisión predominantemente sexual;A59;Tricomoniasis;Inclusion
I;Ciertas enfermedades infecciosas y parasitarias;A50–A64;Infecciones con modo de transmisión predominantemente sexual;A60;Infección anogenital debida a virus del herpes [herpes simple];Canonical
I;Ciertas enfermedades infecciosas y parasitarias;A50–A64;Infecciones con modo de transmisión predominantemente sexual;A63;Otras enfermedades de transmisión predominantemente sexual, no clasificadas en otra parte;Canonical
I;Ciertas enfermedades infecciosas y parasitarias;A50–A64;Infecciones con modo de transmisión predominantemente sexual;A64;Enfermedad de transmisión sexual no especificada;Canonical
I;Ciertas enfermedades infecciosas y parasitarias;A50–A64;Infecciones con modo de transmisión predominantemente sexual;A64;Enfermedad venérea SAI;Inclusion
I;Ciertas enfermedades infecciosas y parasitarias;A65–A69;Otras enfermedades debidas a espiroquetas;A65;Sífilis no venérea;Canonical
I;Ciertas enfermedades infecciosas y parasitarias;A65–A69;Otras enfermedades debidas a espiroquetas;A65;Bejel;Inclusion
I;Ciertas enfermedades infecciosas y parasitarias;A65–A69;Otras enfermedades debidas a espiroquetas;A65;Njovera;Inclusion
I;Ciertas enfermedades infecciosas y parasitarias;A65–A69;Otras enfermedades debidas a espiroquetas;A65;Sífilis endémica;Inclusion
I;Ciertas enfermedades infecciosas y parasitarias;A65–A69;Otras enfermedades debidas a espiroquetas;A66;Frambesia;Canonical
I;Ciertas enfermedades infecciosas y parasitarias;A65–A69;Otras enfermedades debidas a espiroquetas;A66;buba;Inclusion
I;Ciertas enfermedades infecciosas y parasitarias;A65–A69;Otras enfermedades debidas a espiroquetas;A66;"frambesia (tropical)

";Inclusion
I;Ciertas enfermedades infecciosas y parasitarias;A65–A69;Otras enfermedades debidas a espiroquetas;A66;pian;Inclusion
I;Ciertas enfermedades infecciosas y parasitarias;A65–A69;Otras enfermedades debidas a espiroquetas;A67;Pinta [carate];Canonical
I;Ciertas enfermedades infecciosas y parasitarias;A65–A69;Otras enfermedades debidas a espiroquetas;A68;Fiebres recurrentes;Canonical
I;Ciertas enfermedades infecciosas y parasitarias;A65–A69;Otras enfermedades debidas a espiroquetas;A68;Fiebre recidivante;Inclusion
I;Ciertas enfermedades infecciosas y parasitarias;A65–A69;Otras enfermedades debidas a espiroquetas;A69;Otras infecciones causadas por espiroquetas;Canonical
I;Ciertas enfermedades infecciosas y parasitarias;A70–A74;Otras enfermedades causadas por clamidias;A70;Infección debida a Chlamydia psittaci;Canonical
I;Ciertas enfermedades infecciosas y parasitarias;A70–A74;Otras enfermedades causadas por clamidias;A70;Fiebre de los loros;Inclusion
I;Ciertas enfermedades infecciosas y parasitarias;A70–A74;Otras enfermedades causadas por clamidias;A70;Ornitosis;Inclusion
I;Ciertas enfermedades infecciosas y parasitarias;A70–A74;Otras enfermedades causadas por clamidias;A70;Psitacosis;Inclusion
I;Ciertas enfermedades infecciosas y parasitarias;A70–A74;Otras enfermedades causadas por clamidias;A71;Tracoma;Canonical
I;Ciertas enfermedades infecciosas y parasitarias;A70–A74;Otras enfermedades causadas por clamidias;A74;Otras enfermedades causadas por clamidias;Canonical
I;Ciertas enfermedades infecciosas y parasitarias;A75–A79;Rickettsiosis;A75;Tifus;Canonical
I;Ciertas enfermedades infecciosas y parasitarias;A75–A79;Rickettsiosis;A77;Fiebre maculosa [rickettsiosis transmitida por garrapatas];Canonical
I;Ciertas enfermedades infecciosas y parasitarias;A75–A79;Rickettsiosis;A78;Fiebre Q;Canonical
I;Ciertas enfermedades infecciosas y parasitarias;A75–A79;Rickettsiosis;A78;Fiebre cuadrilateral;Inclusion
I;Ciertas enfermedades infecciosas y parasitarias;A75–A79;Rickettsiosis;A78;Fiebre de nueve millas;Inclusion
I;Ciertas enfermedades infecciosas y parasitarias;A75–A79;Rickettsiosis;A78;Infección por Coxiella burnetii;Inclusion
I;Ciertas enfermedades infecciosas y parasitarias;A75–A79;Rickettsiosis;A79;Otras rickettsiosis;Canonical
I;Ciertas enfermedades infecciosas y parasitarias;A80–A89;Infecciones virales del sistema nervioso central;A80;Poliomielitis aguda;Canonical
I;Ciertas enfermedades infecciosas y parasitarias;A80–A89;Infecciones virales del sistema nervioso central;A81;Infecciones del sistema nervioso central por virus atípico;Canonical
I;Ciertas enfermedades infecciosas y parasitarias;A80–A89;Infecciones virales del sistema nervioso central;A81;Enfermedades del sistema nervioso central causadas por prión;Inclusion
I;Ciertas enfermedades infecciosas y parasitarias;A80–A89;Infecciones virales del sistema nervioso central;A82;Rabia;Canonical
I;Ciertas enfermedades infecciosas y parasitarias;A80–A89;Infecciones virales del sistema nervioso central;A83;Encefalitis viral transmitida por mosquitos;Canonical
I;Ciertas enfermedades infecciosas y parasitarias;A80–A89;Infecciones virales del sistema nervioso central;A83;Meningoencefalitis viral transmitida por mosquitos;Inclusion
I;Ciertas enfermedades infecciosas y parasitarias;A80–A89;Infecciones virales del sistema nervioso central;A84;Encefalitis viral transmitida por garrapatas;Canonical
I;Ciertas enfermedades infecciosas y parasitarias;A80–A89;Infecciones virales del sistema nervioso central;A84;Meningoencefalitis viral transmitidas por garrapatas;Inclusion
I;Ciertas enfermedades infecciosas y parasitarias;A80–A89;Infecciones virales del sistema nervioso central;A85;Otras encefalitis virales, no clasificadas en otra parte;Canonical
I;Ciertas enfermedades infecciosas y parasitarias;A80–A89;Infecciones virales del sistema nervioso central;A85;Encefalomielitis especificada como virales NCOP;Inclusion
I;Ciertas enfermedades infecciosas y parasitarias;A80–A89;Infecciones virales del sistema nervioso central;A85;Meningoencefalitis especificada como virales NCOP;Inclusion
I;Ciertas enfermedades infecciosas y parasitarias;A80–A89;Infecciones virales del sistema nervioso central;A86;Encefalitis viral, no especificada;Canonical
I;Ciertas enfermedades infecciosas y parasitarias;A80–A89;Infecciones virales del sistema nervioso central;A86;Encefalomielitis viral SAI;Inclusion
I;Ciertas enfermedades infecciosas y parasitarias;A80–A89;Infecciones virales del sistema nervioso central;A86;Meningoencefalitis viral SAI;Inclusion
I;Ciertas enfermedades infecciosas y parasitarias;A80–A89;Infecciones virales del sistema nervioso central;A87;Meningitis viral;Canonical
I;Ciertas enfermedades infecciosas y parasitarias;A80–A89;Infecciones virales del sistema nervioso central;A88;Otras infecciones virales del sistema nervioso central, no clasificadas en otra parte;Canonical
I;Ciertas enfermedades infecciosas y parasitarias;A80–A89;Infecciones virales del sistema nervioso central;A89; Infección viral del sistema nervioso central, no especificada;Canonical
I;Ciertas enfermedades infecciosas y parasitarias;A90–A99;Fiebres virales transmitidas por artrópodos y fiebres virales hemorrágicas;A90;Fiebre del dengue [dengue clásico];Canonical
I;Ciertas enfermedades infecciosas y parasitarias;A90–A99;Fiebres virales transmitidas por artrópodos y fiebres virales hemorrágicas;A91;Fiebre del dengue hemorrágico;Canonical
I;Ciertas enfermedades infecciosas y parasitarias;A90–A99;Fiebres virales transmitidas por artrópodos y fiebres virales hemorrágicas;A92;Otras fiebres virales transmitidas por mosquitos;Canonical
I;Ciertas enfermedades infecciosas y parasitarias;A90–A99;Fiebres virales transmitidas por artrópodos y fiebres virales hemorrágicas;A93;Otras fiebres virales transmitidas por artrópodos, no clasificadas en otra parte;Canonical
I;Ciertas enfermedades infecciosas y parasitarias;A90–A99;Fiebres virales transmitidas por artrópodos y fiebres virales hemorrágicas;A94;Fiebre viral transmitida por artrópodos, no ­especificada;Canonical
I;Ciertas enfermedades infecciosas y parasitarias;A90–A99;Fiebres virales transmitidas por artrópodos y fiebres virales hemorrágicas;A94;Fiebre arboviral SAI;Inclusion
I;Ciertas enfermedades infecciosas y parasitarias;A90–A99;Fiebres virales transmitidas por artrópodos y fiebres virales hemorrágicas;A94;Infección debida a arbovirus SAI;Inclusion
I;Ciertas enfermedades infecciosas y parasitarias;A90–A99;Fiebres virales transmitidas por artrópodos y fiebres virales hemorrágicas;A95;Fiebre amarilla;Canonical
I;Ciertas enfermedades infecciosas y parasitarias;A90–A99;Fiebres virales transmitidas por artrópodos y fiebres virales hemorrágicas;A96;Fiebre hemorrágica por arenavirus;Canonical
I;Ciertas enfermedades infecciosas y parasitarias;A90–A99;Fiebres virales transmitidas por artrópodos y fiebres virales hemorrágicas;A98;Otras fiebres virales hemorrágicas, no clasificadas en otra parte;Canonical
I;Ciertas enfermedades infecciosas y parasitarias;A90–A99;Fiebres virales transmitidas por artrópodos y fiebres virales hemorrágicas;A99;Fiebre viral hemorrágica, no especificada;Canonical
I;Ciertas enfermedades infecciosas y parasitarias;B00–B09;Infecciones virales caracterizadas por lesiones de la piel y de las membranas mucosas;B00;Infecciones herpéticas [herpes simple];Canonical
I;Ciertas enfermedades infecciosas y parasitarias;B00–B09;Infecciones virales caracterizadas por lesiones de la piel y de las membranas mucosas;B01;Varicela;Canonical
I;Ciertas enfermedades infecciosas y parasitarias;B00–B09;Infecciones virales caracterizadas por lesiones de la piel y de las membranas mucosas;B02;Herpes Zoster;Canonical
I;Ciertas enfermedades infecciosas y parasitarias;B00–B09;Infecciones virales caracterizadas por lesiones de la piel y de las membranas mucosas;B02;Herpes Zoster zona;Inclusion
I;Ciertas enfermedades infecciosas y parasitarias;B00–B09;Infecciones virales caracterizadas por lesiones de la piel y de las membranas mucosas;B02;Herpes Zoster zoster;Inclusion
I;Ciertas enfermedades infecciosas y parasitarias;B00–B09;Infecciones virales caracterizadas por lesiones de la piel y de las membranas mucosas;B03;Viruela;Canonical
I;Ciertas enfermedades infecciosas y parasitarias;B00–B09;Infecciones virales caracterizadas por lesiones de la piel y de las membranas mucosas;B04;Viruela de los monos;Canonical
I;Ciertas enfermedades infecciosas y parasitarias;B00–B09;Infecciones virales caracterizadas por lesiones de la piel y de las membranas mucosas;B05;Sarampión;Canonical
I;Ciertas enfermedades infecciosas y parasitarias;B00–B09;Infecciones virales caracterizadas por lesiones de la piel y de las membranas mucosas;B05;Sarampión morbili;Inclusion
I;Ciertas enfermedades infecciosas y parasitarias;B00–B09;Infecciones virales caracterizadas por lesiones de la piel y de las membranas mucosas;B06;Rubeola [sarampión alemán];Canonical
I;Ciertas enfermedades infecciosas y parasitarias;B00–B09;Infecciones virales caracterizadas por lesiones de la piel y de las membranas mucosas;B07;Verrugas víricas;Canonical
I;Ciertas enfermedades infecciosas y parasitarias;B00–B09;Infecciones virales caracterizadas por lesiones de la piel y de las membranas mucosas;B07;Verruga simple;Inclusion
I;Ciertas enfermedades infecciosas y parasitarias;B00–B09;Infecciones virales caracterizadas por lesiones de la piel y de las membranas mucosas;B07;Verruga vulgar;Inclusion
I;Ciertas enfermedades infecciosas y parasitarias;B00–B09;Infecciones virales caracterizadas por lesiones de la piel y de las membranas mucosas;B08;Otras infecciones víricas caracterizadas por lesiones de la piel y de las membranas mucosas, no clasificadas en otra parte;Canonical
I;Ciertas enfermedades infecciosas y parasitarias;B00–B09;Infecciones virales caracterizadas por lesiones de la piel y de las membranas mucosas;B09;Infección viral no especificada, caracterizada por lesiones de la piel y de las membranas mucosas;Canonical
I;Ciertas enfermedades infecciosas y parasitarias;B00–B09;Infecciones virales caracterizadas por lesiones de la piel y de las membranas mucosas;B09;Enantema viral SAL;Inclusion
I;Ciertas enfermedades infecciosas y parasitarias;B00–B09;Infecciones virales caracterizadas por lesiones de la piel y de las membranas mucosas;B09;Exantema viral SAL;Inclusion
I;Ciertas enfermedades infecciosas y parasitarias;B15-B19;Hepatitis Viral;B15;Hepatitis aguda tipo A;Canonical
I;Ciertas enfermedades infecciosas y parasitarias;B15-B19;Hepatitis Viral;B16;Hepatitis aguda tipo B;Canonical
I;Ciertas enfermedades infecciosas y parasitarias;B15-B19;Hepatitis Viral;B17;Otras hepatitis virales agudas;Canonical
I;Ciertas enfermedades infecciosas y parasitarias;B15-B19;Hepatitis Viral;B18;Hepatitis viral crónica;Canonical
I;Ciertas enfermedades infecciosas y parasitarias;B15-B19;Hepatitis Viral;B19;Hepatitis viral, sin otra especificación;Canonical
I;Ciertas enfermedades infecciosas y parasitarias;B20-B24;Enfermedad por virus de la inmunodeficiencia ­humana [VIH];B20;Enfermedad por virus de la inmunodeficiencia humana [VIH], resultante en enfermedades infecciosas y parasitarias;Canonical
I;Ciertas enfermedades infecciosas y parasitarias;B20-B24;Enfermedad por virus de la inmunodeficiencia ­humana [VIH];B21;Enfermedad por virus de la inmunodeficiencia humana [VIH], resultante en tumores malignos;Canonical
I;Ciertas enfermedades infecciosas y parasitarias;B20-B24;Enfermedad por virus de la inmunodeficiencia ­humana [VIH];B22;Enfermedad por virus de la inmunodeficiencia humana [VIH], resultante en otras enfermedades especificadas;Canonical
I;Ciertas enfermedades infecciosas y parasitarias;B20-B24;Enfermedad por virus de la inmunodeficiencia ­humana [VIH];B23;Enfermedad por virus de la inmunodeficiencia humana [VIH], resultante en otras afecciones;Canonical
I;Ciertas enfermedades infecciosas y parasitarias;B20-B24;Enfermedad por virus de la inmunodeficiencia ­humana [VIH];B24;Enfermedad por virus de la inmunodeficiencia humana [VIH], sin otra especificación;Canonical
I;Ciertas enfermedades infecciosas y parasitarias;B20-B24;Enfermedad por virus de la inmunodeficiencia ­humana [VIH];B24;Complejo relacionado con el SIDA [CRS] SAI;Inclusion
I;Ciertas enfermedades infecciosas y parasitarias;B20-B24;Enfermedad por virus de la inmunodeficiencia ­humana [VIH];B24;Síndrome de inmunodeficiencia adquirida [SIDA] SAI;Inclusion
I;Ciertas enfermedades infecciosas y parasitarias;B25-B34;Otras enfermedades virales;B25;Enfermedad debida a virus citomegálico;Canonical
I;Ciertas enfermedades infecciosas y parasitarias;B25-B34;Otras enfermedades virales;B26;Parotiditis infecciosa;Canonical
I;Ciertas enfermedades infecciosas y parasitarias;B25-B34;Otras enfermedades virales;B26;Parotiditis epidémica;Inclusion
I;Ciertas enfermedades infecciosas y parasitarias;B25-B34;Otras enfermedades virales;B26;Parotiditis urliana;Inclusion
I;Ciertas enfermedades infecciosas y parasitarias;B25-B34;Otras enfermedades virales;B27;Mononucleosis infecciosa;Canonical
I;Ciertas enfermedades infecciosas y parasitarias;B25-B34;Otras enfermedades virales;B27;Angina monocítica;Inclusion
I;Ciertas enfermedades infecciosas y parasitarias;B25-B34;Otras enfermedades virales;B27;Enfermedad de Pfeiffer;Inclusion
I;Ciertas enfermedades infecciosas y parasitarias;B25-B34;Otras enfermedades virales;B27;Fiebre glandular;Inclusion
I;Ciertas enfermedades infecciosas y parasitarias;B25-B34;Otras enfermedades virales;B30;Conjuntivitis viral;Canonical
I;Ciertas enfermedades infecciosas y parasitarias;B25-B34;Otras enfermedades virales;B33;Otras enfermedades virales, no clasificadas en otra parte;Canonical
I;Ciertas enfermedades infecciosas y parasitarias;B25-B34;Otras enfermedades virales;B34;Infección viral de sitio no especificado;Canonical
I;Ciertas enfermedades infecciosas y parasitarias;B35–B49;Micosis;B35;Dermatofitosis;Canonical
I;Ciertas enfermedades infecciosas y parasitarias;B35–B49;Micosis;B35;Favus;Inclusion
I;Ciertas enfermedades infecciosas y parasitarias;B35–B49;Micosis;B35;Infección debida a especies de Epidermophyton, Microsporum y Trichophyton;Inclusion
I;Ciertas enfermedades infecciosas y parasitarias;B35–B49;Micosis;B35;Tiña;Inclusion
I;Ciertas enfermedades infecciosas y parasitarias;B35–B49;Micosis;B36;Otras micosis superficiales;Canonical
I;Ciertas enfermedades infecciosas y parasitarias;B35–B49;Micosis;B37;Candidiasis;Canonical
I;Ciertas enfermedades infecciosas y parasitarias;B35–B49;Micosis;B37;Candidosis;Inclusion
I;Ciertas enfermedades infecciosas y parasitarias;B35–B49;Micosis;B37;Moniliasis;Inclusion
I;Ciertas enfermedades infecciosas y parasitarias;B35–B49;Micosis;B38;Coccidioidomicosis;Canonical
I;Ciertas enfermedades infecciosas y parasitarias;B35–B49;Micosis;B39;Histoplasmosis;Canonical
I;Ciertas enfermedades infecciosas y parasitarias;B35–B49;Micosis;B40;Blastomicosis;Canonical
I;Ciertas enfermedades infecciosas y parasitarias;B35–B49;Micosis;B41;Paracoccidioidomicosis;Canonical
I;Ciertas enfermedades infecciosas y parasitarias;B35–B49;Micosis;B41;Blastomicosis brasileña;Inclusion
I;Ciertas enfermedades infecciosas y parasitarias;B35–B49;Micosis;B41;Enfermedad de Lutz;Inclusion
I;Ciertas enfermedades infecciosas y parasitarias;B35–B49;Micosis;B42;Esporotricosis;Canonical
I;Ciertas enfermedades infecciosas y parasitarias;B35–B49;Micosis;B43;Cromomicosis y absceso feomicótico;Canonical
I;Ciertas enfermedades infecciosas y parasitarias;B35–B49;Micosis;B44;Aspergilosis;Canonical
I;Ciertas enfermedades infecciosas y parasitarias;B35–B49;Micosis;B44;Aspergiloma;Inclusion
I;Ciertas enfermedades infecciosas y parasitarias;B35–B49;Micosis;B45;Criptococosis;Canonical
I;Ciertas enfermedades infecciosas y parasitarias;B35–B49;Micosis;B46;Cigomicosis;Canonical
I;Ciertas enfermedades infecciosas y parasitarias;B35–B49;Micosis;B47;Micetoma;Canonical
I;Ciertas enfermedades infecciosas y parasitarias;B35–B49;Micosis;B48;Otras micosis, no clasificadas en otra parte;Canonical
I;Ciertas enfermedades infecciosas y parasitarias;B35–B49;Micosis;B49;Micosis, no especificada;Canonical
I;Ciertas enfermedades infecciosas y parasitarias;B35–B49;Micosis;B49;Funguemia SAI;Inclusion
I;Ciertas enfermedades infecciosas y parasitarias;B50–B64;Enfermedades debidas a protozoarios;B50;Paludismo [malaria] debido a Plasmodium falciparum;Canonical
I;Ciertas enfermedades infecciosas y parasitarias;B50–B64;Enfermedades debidas a protozoarios;B50;Infecciones mixtas de Plasmodium falciparum con cualquier otra especie de Plasmodium;Inclusion
I;Ciertas enfermedades infecciosas y parasitarias;B50–B64;Enfermedades debidas a protozoarios;B51;Paludismo [malaria] debido a Plasmodium vivax;Canonical
I;Ciertas enfermedades infecciosas y parasitarias;B50–B64;Enfermedades debidas a protozoarios;B51;Infecciones mixtas debidas a Plasmodium vivax con otras especies de Plasmodium excepto Plasmodium falciparum;Inclusion
I;Ciertas enfermedades infecciosas y parasitarias;B50–B64;Enfermedades debidas a protozoarios;B52;Paludismo [malaria] debido a Plasmodium malariae;Canonical
I;Ciertas enfermedades infecciosas y parasitarias;B50–B64;Enfermedades debidas a protozoarios;B52;Infecciones mixtas de Plasmodium malariae con otras especies de Plasmodium, excepto Plasmodium falciparum y Plasmodium vivax;Inclusion
I;Ciertas enfermedades infecciosas y parasitarias;B50–B64;Enfermedades debidas a protozoarios;B53;Otro paludismo [malaria] confirmado parasitológicamente;Canonical
I;Ciertas enfermedades infecciosas y parasitarias;B50–B64;Enfermedades debidas a protozoarios;B54;Paludismo [malaria] no especificado;Canonical
I;Ciertas enfermedades infecciosas y parasitarias;B50–B64;Enfermedades debidas a protozoarios;B54;Paludismo diagnosticado clínicamente sin confirmación parasitológica;Inclusion
I;Ciertas enfermedades infecciosas y parasitarias;B50–B64;Enfermedades debidas a protozoarios;B54;Malaria SAI;Inclusion
I;Ciertas enfermedades infecciosas y parasitarias;B50–B64;Enfermedades debidas a protozoarios;B55;Leishmaniasis;Canonical
I;Ciertas enfermedades infecciosas y parasitarias;B50–B64;Enfermedades debidas a protozoarios;B56;Tripanosomiasis africana;Canonical
I;Ciertas enfermedades infecciosas y parasitarias;B50–B64;Enfermedades debidas a protozoarios;B57;Enfermedad de Chagas;Canonical
I;Ciertas enfermedades infecciosas y parasitarias;B50–B64;Enfermedades debidas a protozoarios;B57;Infección debida a Trypanosoma cruzi;Inclusion
I;Ciertas enfermedades infecciosas y parasitarias;B50–B64;Enfermedades debidas a protozoarios;B57;Tripanosomiasis americana;Inclusion
I;Ciertas enfermedades infecciosas y parasitarias;B50–B64;Enfermedades debidas a protozoarios;B58;Toxoplasmosis;Canonical
I;Ciertas enfermedades infecciosas y parasitarias;B50–B64;Enfermedades debidas a protozoarios;B58;Infección debida a Toxoplasma gondii;Inclusion
I;Ciertas enfermedades infecciosas y parasitarias;B50–B64;Enfermedades debidas a protozoarios;B59;Neumocistosis;Canonical
I;Ciertas enfermedades infecciosas y parasitarias;B50–B64;Enfermedades debidas a protozoarios;B59;Neumonía debida a Pneumocystis carinii;Inclusion
I;Ciertas enfermedades infecciosas y parasitarias;B50–B64;Enfermedades debidas a protozoarios;B59;Neumonía debida a Pneumocystis jirovecii;Inclusion
I;Ciertas enfermedades infecciosas y parasitarias;B50–B64;Enfermedades debidas a protozoarios;B60;Otras enfermedades debidas a protozoarios, no clasificadas en otra parte;Canonical
I;Ciertas enfermedades infecciosas y parasitarias;B50–B64;Enfermedades debidas a protozoarios;B64;Enfermedad debida a protozoarios, no especificada;Canonical
I;Ciertas enfermedades infecciosas y parasitarias;B65–B83;Helmintiasis;B65;Esquistosomiasis [bilharziasis];Canonical
I;Ciertas enfermedades infecciosas y parasitarias;B65–B83;Helmintiasis;B65;Fiebre debida al caracol;Inclusion
I;Ciertas enfermedades infecciosas y parasitarias;B65–B83;Helmintiasis;B66;Otras infecciones debidas a trematodos;Canonical
I;Ciertas enfermedades infecciosas y parasitarias;B65–B83;Helmintiasis;B67;Equinococosis;Canonical
I;Ciertas enfermedades infecciosas y parasitarias;B65–B83;Helmintiasis;B67;Hidatidosis;Inclusion
I;Ciertas enfermedades infecciosas y parasitarias;B65–B83;Helmintiasis;B68;Teniasis;Canonical
I;Ciertas enfermedades infecciosas y parasitarias;B65–B83;Helmintiasis;B69;Cisticercosis;Canonical
I;Ciertas enfermedades infecciosas y parasitarias;B65–B83;Helmintiasis;B69;Infección por cisticercosis debida a la forma larvaria de Taenia solium;Inclusion
I;Ciertas enfermedades infecciosas y parasitarias;B65–B83;Helmintiasis;B70;Difilobotriasis y esparganosis;Canonical
I;Ciertas enfermedades infecciosas y parasitarias;B65–B83;Helmintiasis;B71;Otras infecciones debidas a cestodos;Canonical
I;Ciertas enfermedades infecciosas y parasitarias;B65–B83;Helmintiasis;B72;Dracontiasis;Canonical
I;Ciertas enfermedades infecciosas y parasitarias;B65–B83;Helmintiasis;B72;Infección debida a Dracunculus medinensis;Inclusion
I;Ciertas enfermedades infecciosas y parasitarias;B65–B83;Helmintiasis;B72;Infección debida a gusano de Guinea;Inclusion
I;Ciertas enfermedades infecciosas y parasitarias;B65–B83;Helmintiasis;B73;Oncocercosis;Canonical
I;Ciertas enfermedades infecciosas y parasitarias;B65–B83;Helmintiasis;B73;Ceguera de los ríos;Inclusion
I;Ciertas enfermedades infecciosas y parasitarias;B65–B83;Helmintiasis;B73;Infección debida a Onchocerca volvulus;Inclusion
I;Ciertas enfermedades infecciosas y parasitarias;B65–B83;Helmintiasis;B73;Oncocerciasis;Inclusion
I;Ciertas enfermedades infecciosas y parasitarias;B65–B83;Helmintiasis;B74;Filariasis;Canonical
I;Ciertas enfermedades infecciosas y parasitarias;B65–B83;Helmintiasis;B75;Triquinosis;Canonical
I;Ciertas enfermedades infecciosas y parasitarias;B65–B83;Helmintiasis;B75;Infección debida a especies de Trichinella;Inclusion
I;Ciertas enfermedades infecciosas y parasitarias;B65–B83;Helmintiasis;B75;Triquinelosis;Inclusion
I;Ciertas enfermedades infecciosas y parasitarias;B65–B83;Helmintiasis;B76;Anquilostomiasis y necatoriasis;Canonical
I;Ciertas enfermedades infecciosas y parasitarias;B65–B83;Helmintiasis;B76;Uncinariasis;Inclusion
I;Ciertas enfermedades infecciosas y parasitarias;B65–B83;Helmintiasis;B77;Ascariasis;Canonical
I;Ciertas enfermedades infecciosas y parasitarias;B65–B83;Helmintiasis;B77;Ascaridiasis;Inclusion
I;Ciertas enfermedades infecciosas y parasitarias;B65–B83;Helmintiasis;B77;Infección debida a nematodos;Inclusion
I;Ciertas enfermedades infecciosas y parasitarias;B65–B83;Helmintiasis;B78;Estrongiloidiasis;Canonical
I;Ciertas enfermedades infecciosas y parasitarias;B65–B83;Helmintiasis;B79;Tricuriasis;Canonical
I;Ciertas enfermedades infecciosas y parasitarias;B65–B83;Helmintiasis;B79;Enfermedad debida a tricocéfalo;Inclusion
I;Ciertas enfermedades infecciosas y parasitarias;B65–B83;Helmintiasis;B79;Infección debida a tricocéfalo;Inclusion
I;Ciertas enfermedades infecciosas y parasitarias;B65–B83;Helmintiasis;B79;Tricocefaliasis;Inclusion
I;Ciertas enfermedades infecciosas y parasitarias;B65–B83;Helmintiasis;B80;Enterobiasis;Canonical
I;Ciertas enfermedades infecciosas y parasitarias;B65–B83;Helmintiasis;B80;Infección debida a Enterobius vermicularis;Inclusion
I;Ciertas enfermedades infecciosas y parasitarias;B65–B83;Helmintiasis;B80;Oxiuriasis;Inclusion
I;Ciertas enfermedades infecciosas y parasitarias;B65–B83;Helmintiasis;B81;Otras helmintiasis intestinales, no clasificadas en otra parte;Canonical
I;Ciertas enfermedades infecciosas y parasitarias;B65–B83;Helmintiasis;B82;Parasitosis intestinales, sin otra especificación;Canonical
I;Ciertas enfermedades infecciosas y parasitarias;B65–B83;Helmintiasis;B83;Otras helmintiasis;Canonical
I;Ciertas enfermedades infecciosas y parasitarias;B85–B89;Pediculosis, acariasis y otras infestaciones;B85;Pediculosis y phthiriasis;Canonical
I;Ciertas enfermedades infecciosas y parasitarias;B85–B89;Pediculosis, acariasis y otras infestaciones;B86;Escabiosis;Canonical
I;Ciertas enfermedades infecciosas y parasitarias;B85–B89;Pediculosis, acariasis y otras infestaciones;B86;Prurito por sarna;Inclusion
I;Ciertas enfermedades infecciosas y parasitarias;B85–B89;Pediculosis, acariasis y otras infestaciones;B87;Miasis;Canonical
I;Ciertas enfermedades infecciosas y parasitarias;B85–B89;Pediculosis, acariasis y otras infestaciones;B87;Infestación debida a larvas de mosca;Inclusion
I;Ciertas enfermedades infecciosas y parasitarias;B85–B89;Pediculosis, acariasis y otras infestaciones;B88;Otras infestaciones;Canonical
I;Ciertas enfermedades infecciosas y parasitarias;B85–B89;Pediculosis, acariasis y otras infestaciones;B89;Enfermedad parasitaria, no especificada;Canonical
I;Ciertas enfermedades infecciosas y parasitarias;B90–B94;Secuelas de enfermedades infecciosas y parasitarias;B90;Secuelas de tuberculosis;Canonical
I;Ciertas enfermedades infecciosas y parasitarias;B90–B94;Secuelas de enfermedades infecciosas y parasitarias;B91;Secuelas de poliomielitis;Canonical
I;Ciertas enfermedades infecciosas y parasitarias;B90–B94;Secuelas de enfermedades infecciosas y parasitarias;B92;Secuelas de lepra;Canonical
I;Ciertas enfermedades infecciosas y parasitarias;B90–B94;Secuelas de enfermedades infecciosas y parasitarias;B94;Secuelas de otras enfermedades infecciosas y parasitarias y de las no especificadas;Canonical
I;Ciertas enfermedades infecciosas y parasitarias;B95–B97;Bacterias, virus y otros agentes infecciosos;B95;Estreptococos y estafilococos como causa de enfermedades clasificadas en otros capítulos;Canonical
I;Ciertas enfermedades infecciosas y parasitarias;B95–B97;Bacterias, virus y otros agentes infecciosos;B96;Otros agentes bacterianos como causa de enfermedades clasificadas en otros capítulos;Canonical
I;Ciertas enfermedades infecciosas y parasitarias;B95–B97;Bacterias, virus y otros agentes infecciosos;B97;Agentes virales como causa de enfermedades clasificadas en otros capítulos;Canonical
I;Ciertas enfermedades infecciosas y parasitarias;B99;Otras enfermedades infecciosas;B99;Otras enfermedades infecciosas y las no especificadas;Canonical
X;Enfermedades del sistema respiratorio;J00-J06;Infecciones agudas de las vías respiratorias superiores ;J00;Rinofaringitis aguda;Canonical
X;Enfermedades del sistema respiratorio;J00-J06;Infecciones agudas de las vías respiratorias superiores ;J00;Resfriado común;Inclusion
X;Enfermedades del sistema respiratorio;J00-J06;Infecciones agudas de las vías respiratorias superiores ;J00;Catarro nasal, agudo;Inclusion
X;Enfermedades del sistema respiratorio;J00-J06;Infecciones agudas de las vías respiratorias superiores ;J00;Coriza;Inclusion
X;Enfermedades del sistema respiratorio;J00-J06;Infecciones agudas de las vías respiratorias superiores ;J00;Coriza aguda;Inclusion
X;Enfermedades del sistema respiratorio;J00-J06;Infecciones agudas de las vías respiratorias superiores ;J00;Rinitis aguda;Inclusion
X;Enfermedades del sistema respiratorio;J00-J06;Infecciones agudas de las vías respiratorias superiores ;J00;Rinitis infecciosa;Inclusion
X;Enfermedades del sistema respiratorio;J00-J06;Infecciones agudas de las vías respiratorias superiores ;J00;Rinofaringitis SAI;Inclusion
X;Enfermedades del sistema respiratorio;J00-J06;Infecciones agudas de las vías respiratorias superiores ;J00;Rinofaringitis infecciosa SAI;Inclusion
X;Enfermedades del sistema respiratorio;J00-J06;Infecciones agudas de las vías respiratorias superiores ;J01;Sinusitis aguda;Canonical
X;Enfermedades del sistema respiratorio;J00-J06;Infecciones agudas de las vías respiratorias superiores ;J01;Absceso agudo de seno paranasal;Inclusion
X;Enfermedades del sistema respiratorio;J00-J06;Infecciones agudas de las vías respiratorias superiores ;J01;Empiema agudo de seno paranasal;Inclusion
X;Enfermedades del sistema respiratorio;J00-J06;Infecciones agudas de las vías respiratorias superiores ;J01;Infección aguda de seno paranasal;Inclusion
X;Enfermedades del sistema respiratorio;J00-J06;Infecciones agudas de las vías respiratorias superiores ;J01;Inflamación aguda de seno paranasal;Inclusion
X;Enfermedades del sistema respiratorio;J00-J06;Infecciones agudas de las vías respiratorias superiores ;J01;Supuración aguda de seno paranasal;Inclusion
X;Enfermedades del sistema respiratorio;J00-J06;Infecciones agudas de las vías respiratorias superiores ;J02;Faringitis aguda;Canonical
X;Enfermedades del sistema respiratorio;J00-J06;Infecciones agudas de las vías respiratorias superiores ;J02;Angina de garganta, aguda;Inclusion
X;Enfermedades del sistema respiratorio;J00-J06;Infecciones agudas de las vías respiratorias superiores ;J03;Amigdalitis aguda;Canonical
X;Enfermedades del sistema respiratorio;J00-J06;Infecciones agudas de las vías respiratorias superiores ;J04;Laringitis y traqueítis agudas;Canonical
X;Enfermedades del sistema respiratorio;J00-J06;Infecciones agudas de las vías respiratorias superiores ;J05;Laringitis obstructiva aguda y epiglotitis;Canonical
X;Enfermedades del sistema respiratorio;J00-J06;Infecciones agudas de las vías respiratorias superiores ;J05;Crup y epiglotitis;Inclusion
X;Enfermedades del sistema respiratorio;J00-J06;Infecciones agudas de las vías respiratorias superiores ;J06;Infecciones agudas de las vías respiratorias superiores, de sitios múltiples o no especificados;Canonical
X;Enfermedades del sistema respiratorio;J09–J18;Influenza [gripe] y neumonía;J09;Influenza debida a virus de la influenza aviar identificado;Canonical
X;Enfermedades del sistema respiratorio;J09–J18;Influenza [gripe] y neumonía;J09;Gripe aviar;Inclusion
X;Enfermedades del sistema respiratorio;J09–J18;Influenza [gripe] y neumonía;J09;Influenza causada por virus de la influenza que normalmente solo infecta a las aves y, más raramente, a otros animales;Inclusion
X;Enfermedades del sistema respiratorio;J09–J18;Influenza [gripe] y neumonía;J10;Influenza debida a otro virus de la influenza identificado;Canonical
X;Enfermedades del sistema respiratorio;J09–J18;Influenza [gripe] y neumonía;J11;Influenza debida a virus no identificado;Canonical
X;Enfermedades del sistema respiratorio;J09–J18;Influenza [gripe] y neumonía;J11;Influenza cuando no se informa la identificación del virus específico;Inclusion
X;Enfermedades del sistema respiratorio;J09–J18;Influenza [gripe] y neumonía;J11;Influenza viral cuando no se informa la identificación del virus específico;Inclusion
X;Enfermedades del sistema respiratorio;J09–J18;Influenza [gripe] y neumonía;J12;Neumonía viral, no clasificada en otra parte;Canonical
X;Enfermedades del sistema respiratorio;J09–J18;Influenza [gripe] y neumonía;J12;Bronconeumonía debida a otros virus diferentes al virus de la influenza;Inclusion
X;Enfermedades del sistema respiratorio;J09–J18;Influenza [gripe] y neumonía;J13;Neumonía debida a Streptococcus pneumoniae;Canonical
X;Enfermedades del sistema respiratorio;J09–J18;Influenza [gripe] y neumonía;J13;Bronconeumonía debida a S. pneumoniae;Inclusion
X;Enfermedades del sistema respiratorio;J09–J18;Influenza [gripe] y neumonía;J14;Neumonía debida a Haemophilus influenzae;Canonical
X;Enfermedades del sistema respiratorio;J09–J18;Influenza [gripe] y neumonía;J14;Bronconeumonía debida a H. influenzae;Inclusion
X;Enfermedades del sistema respiratorio;J09–J18;Influenza [gripe] y neumonía;J15;Neumonía bacteriana, no clasificada en otra parte;Canonical
X;Enfermedades del sistema respiratorio;J09–J18;Influenza [gripe] y neumonía;J15;Bronconeumonía debida a otras bacterias diferentes a S. pneumoniae y H. influenzae;Inclusion
X;Enfermedades del sistema respiratorio;J09–J18;Influenza [gripe] y neumonía;J16;Neumonía debida a otros microorganismos infecciosos, no clasificados en otra parte;Canonical
X;Enfermedades del sistema respiratorio;J09–J18;Influenza [gripe] y neumonía;J17;Neumonía en enfermedades clasificadas en otra parte;Canonical
X;Enfermedades del sistema respiratorio;J09–J18;Influenza [gripe] y neumonía;J18;Neumonía, organismo no especificado;Canonical
X;Enfermedades del sistema respiratorio;J20–J22;Otras infecciones agudas de las vías respiratorias inferiores;J20;Bronquitis aguda;Canonical
X;Enfermedades del sistema respiratorio;J20–J22;Otras infecciones agudas de las vías respiratorias inferiores;J20;Bronquitis SAI, en menores de 15 años de edad;Inclusion
X;Enfermedades del sistema respiratorio;J20–J22;Otras infecciones agudas de las vías respiratorias inferiores;J20;Bronquitis aguda y subaguda con broncospasmo;Inclusion
X;Enfermedades del sistema respiratorio;J20–J22;Otras infecciones agudas de las vías respiratorias inferiores;J20;Bronquitis aguda y subaguda fibrinosa;Inclusion
X;Enfermedades del sistema respiratorio;J20–J22;Otras infecciones agudas de las vías respiratorias inferiores;J20;Bronquitis aguda y subaguda membranosa;Inclusion
X;Enfermedades del sistema respiratorio;J20–J22;Otras infecciones agudas de las vías respiratorias inferiores;J20;Bronquitis aguda y subaguda purulenta;Inclusion
X;Enfermedades del sistema respiratorio;J20–J22;Otras infecciones agudas de las vías respiratorias inferiores;J20;Bronquitis aguda y subaguda séptica;Inclusion
X;Enfermedades del sistema respiratorio;J20–J22;Otras infecciones agudas de las vías respiratorias inferiores;J20;Bronquitis aguda y subaguda con traqueítis;Inclusion
X;Enfermedades del sistema respiratorio;J20–J22;Otras infecciones agudas de las vías respiratorias inferiores;J21;Bronquiolitis aguda;Canonical
X;Enfermedades del sistema respiratorio;J20–J22;Otras infecciones agudas de las vías respiratorias inferiores;J21;Bronquiolitis aguda con broncospasmo;Inclusion
X;Enfermedades del sistema respiratorio;J20–J22;Otras infecciones agudas de las vías respiratorias inferiores;J22;Infección aguda no especificada de las vías respiratorias inferiores;Canonical
X;Enfermedades del sistema respiratorio;J20–J22;Otras infecciones agudas de las vías respiratorias inferiores;J22;Infección aguda respiratoria SAI;Inclusion
X;Enfermedades del sistema respiratorio;J20–J22;Otras infecciones agudas de las vías respiratorias inferiores;J22;Infección aguda respiratoria SAI;Inclusion
X;Enfermedades del sistema respiratorio;J30–J39;Otras enfermedades de las vías respiratorias superiores;J30;Rinitis alérgica y vasomotora;Canonical
X;Enfermedades del sistema respiratorio;J30–J39;Otras enfermedades de las vías respiratorias superiores;J30;Rinorrea espasmódica;Inclusion
X;Enfermedades del sistema respiratorio;J30–J39;Otras enfermedades de las vías respiratorias superiores;J31;Rinitis, rinofaringitis y faringitis crónicas;Canonical
X;Enfermedades del sistema respiratorio;J30–J39;Otras enfermedades de las vías respiratorias superiores;J32;Sinusitis crónica;Canonical
X;Enfermedades del sistema respiratorio;J30–J39;Otras enfermedades de las vías respiratorias superiores;J32;Absceso de seno paranasal;Inclusion
X;Enfermedades del sistema respiratorio;J30–J39;Otras enfermedades de las vías respiratorias superiores;J32;Empiema de seno paranasal;Inclusion
X;Enfermedades del sistema respiratorio;J30–J39;Otras enfermedades de las vías respiratorias superiores;J32;Infección de seno paranasal;Inclusion
X;Enfermedades del sistema respiratorio;J30–J39;Otras enfermedades de las vías respiratorias superiores;J32;Supuración de seno paranasal;Inclusion
X;Enfermedades del sistema respiratorio;J30–J39;Otras enfermedades de las vías respiratorias superiores;J32;Absceso crónico de seno paranasal;Inclusion
X;Enfermedades del sistema respiratorio;J30–J39;Otras enfermedades de las vías respiratorias superiores;J32;Empiema crónico de seno paranasal;Inclusion
X;Enfermedades del sistema respiratorio;J30–J39;Otras enfermedades de las vías respiratorias superiores;J32;Infección crónica de seno paranasal;Inclusion
X;Enfermedades del sistema respiratorio;J30–J39;Otras enfermedades de las vías respiratorias superiores;J32;Supuración crónica de seno paranasal;Inclusion
X;Enfermedades del sistema respiratorio;J30–J39;Otras enfermedades de las vías respiratorias superiores;J33;Pólipo nasal;Canonical
X;Enfermedades del sistema respiratorio;J30–J39;Otras enfermedades de las vías respiratorias superiores;J34;Otros trastornos de la nariz y de los senos paranasales;Canonical
X;Enfermedades del sistema respiratorio;J30–J39;Otras enfermedades de las vías respiratorias superiores;J35;Enfermedades crónicas de las amígdalas y de las adenoides;Canonical
X;Enfermedades del sistema respiratorio;J30–J39;Otras enfermedades de las vías respiratorias superiores;J36;Absceso periamigdalino;Canonical
X;Enfermedades del sistema respiratorio;J30–J39;Otras enfermedades de las vías respiratorias superiores;J36;Absceso de la amígdala;Inclusion
X;Enfermedades del sistema respiratorio;J30–J39;Otras enfermedades de las vías respiratorias superiores;J36;Celulitis periamigdalina;Inclusion
X;Enfermedades del sistema respiratorio;J30–J39;Otras enfermedades de las vías respiratorias superiores;J37;Laringitis y laringotraqueítis crónicas;Canonical
X;Enfermedades del sistema respiratorio;J30–J39;Otras enfermedades de las vías respiratorias superiores;J38;Enfermedades de las cuerdas vocales y de la laringe, no clasificadas en otra parte;Canonical
X;Enfermedades del sistema respiratorio;J30–J39;Otras enfermedades de las vías respiratorias superiores;J39;Otras enfermedades de las vías respiratorias superiores;Canonical
X;Enfermedades del sistema respiratorio;J40–J47;Enfermedades crónicas de las vías respiratorias inferiores;J40;Bronquitis, no especificada como aguda o crónica;Canonical
X;Enfermedades del sistema respiratorio;J40–J47;Enfermedades crónicas de las vías respiratorias inferiores;J40;Bronquitis SAI;Inclusion
X;Enfermedades del sistema respiratorio;J40–J47;Enfermedades crónicas de las vías respiratorias inferiores;J40;Bronquitis catarral;Inclusion
X;Enfermedades del sistema respiratorio;J40–J47;Enfermedades crónicas de las vías respiratorias inferiores;J40;Bronquitis con traqueítis SAI;Inclusion
X;Enfermedades del sistema respiratorio;J40–J47;Enfermedades crónicas de las vías respiratorias inferiores;J40;Traqueobronquitis SAI;Inclusion
X;Enfermedades del sistema respiratorio;J40–J47;Enfermedades crónicas de las vías respiratorias inferiores;J41;Bronquitis crónica simple y mucopurulenta;Canonical
X;Enfermedades del sistema respiratorio;J40–J47;Enfermedades crónicas de las vías respiratorias inferiores;J42;Bronquitis crónica no especificada;Canonical
X;Enfermedades del sistema respiratorio;J40–J47;Enfermedades crónicas de las vías respiratorias inferiores;J42;Bronquitis crónica SAI;Inclusion
X;Enfermedades del sistema respiratorio;J40–J47;Enfermedades crónicas de las vías respiratorias inferiores;J42;Traqueítis crónica;Inclusion
X;Enfermedades del sistema respiratorio;J40–J47;Enfermedades crónicas de las vías respiratorias inferiores;J42;Traqueobronquitis crónica;Inclusion
X;Enfermedades del sistema respiratorio;J40–J47;Enfermedades crónicas de las vías respiratorias inferiores;J43;Enfisema;Canonical
X;Enfermedades del sistema respiratorio;J40–J47;Enfermedades crónicas de las vías respiratorias inferiores;J44;Otras enfermedades pulmonares obstructivas crónicas;Canonical
X;Enfermedades del sistema respiratorio;J40–J47;Enfermedades crónicas de las vías respiratorias inferiores;J44;Asma obstructiva;Inclusion
X;Enfermedades del sistema respiratorio;J40–J47;Enfermedades crónicas de las vías respiratorias inferiores;J44;Asma obstructiva crónica;Inclusion
X;Enfermedades del sistema respiratorio;J40–J47;Enfermedades crónicas de las vías respiratorias inferiores;J44;Bronquitis crónica asmática;Inclusion
X;Enfermedades del sistema respiratorio;J40–J47;Enfermedades crónicas de las vías respiratorias inferiores;J44;Bronquitis crónica con enfisema;Inclusion
X;Enfermedades del sistema respiratorio;J40–J47;Enfermedades crónicas de las vías respiratorias inferiores;J44;Bronquitis crónica efinsematosa;Inclusion
X;Enfermedades del sistema respiratorio;J40–J47;Enfermedades crónicas de las vías respiratorias inferiores;J44;Bronquitis crónica asmática obstructiva;Inclusion
X;Enfermedades del sistema respiratorio;J40–J47;Enfermedades crónicas de las vías respiratorias inferiores;J44;Bronquitis crónica con obstrucción de las vías aéreas;Inclusion
X;Enfermedades del sistema respiratorio;J40–J47;Enfermedades crónicas de las vías respiratorias inferiores;J44;Bronquitis obstructiva crónica;Inclusion
X;Enfermedades del sistema respiratorio;J40–J47;Enfermedades crónicas de las vías respiratorias inferiores;J44;Traqueobronquitis obstructiva crónica;Inclusion
X;Enfermedades del sistema respiratorio;J40–J47;Enfermedades crónicas de las vías respiratorias inferiores;J45;Asma;Canonical
X;Enfermedades del sistema respiratorio;J40–J47;Enfermedades crónicas de las vías respiratorias inferiores;J46;Estado asmático;Canonical
X;Enfermedades del sistema respiratorio;J40–J47;Enfermedades crónicas de las vías respiratorias inferiores;J46;Asma aguda severa;Inclusion
X;Enfermedades del sistema respiratorio;J40–J47;Enfermedades crónicas de las vías respiratorias inferiores;J47;Bronquiectasia;Canonical
X;Enfermedades del sistema respiratorio;J40–J47;Enfermedades crónicas de las vías respiratorias inferiores;J47;Ronquiolectasia;Inclusion
X;Enfermedades del sistema respiratorio;J60–J70;Enfermedades del pulmón debidas a agentes externos;J60;Neumoconiosis de los mineros del carbón;Canonical
X;Enfermedades del sistema respiratorio;J60–J70;Enfermedades del pulmón debidas a agentes externos;J60;Antracosis;Inclusion
X;Enfermedades del sistema respiratorio;J60–J70;Enfermedades del pulmón debidas a agentes externos;J60;Antrocosilicosis;Inclusion
X;Enfermedades del sistema respiratorio;J60–J70;Enfermedades del pulmón debidas a agentes externos;J60;Pulmón de los mineros del carbón;Inclusion
X;Enfermedades del sistema respiratorio;J60–J70;Enfermedades del pulmón debidas a agentes externos;J61;Neumoconiosis debida al asbesto y a otras fibras minerales;Canonical
X;Enfermedades del sistema respiratorio;J60–J70;Enfermedades del pulmón debidas a agentes externos;J61;Asbestosis;Inclusion
X;Enfermedades del sistema respiratorio;J60–J70;Enfermedades del pulmón debidas a agentes externos;J62;Neumoconiosis debida a polvo de sílice;Canonical
X;Enfermedades del sistema respiratorio;J60–J70;Enfermedades del pulmón debidas a agentes externos;J62;fibrosis silicótica masiva del pulmón;Inclusion
X;Enfermedades del sistema respiratorio;J60–J70;Enfermedades del pulmón debidas a agentes externos;J62;fibrosis silicótica del pulmón;Inclusion
X;Enfermedades del sistema respiratorio;J60–J70;Enfermedades del pulmón debidas a agentes externos;J63;Neumoconiosis debida a otros polvos inorgánicos;Canonical
X;Enfermedades del sistema respiratorio;J60–J70;Enfermedades del pulmón debidas a agentes externos;J64;Neumoconiosis, no especificada;Canonical
X;Enfermedades del sistema respiratorio;J60–J70;Enfermedades del pulmón debidas a agentes externos;J65;Neumoconiosis asociada con tuberculosis;Canonical
X;Enfermedades del sistema respiratorio;J60–J70;Enfermedades del pulmón debidas a agentes externos;J66;Enfermedades de las vías aéreas debidas a polvos orgánicos específicos;Canonical
X;Enfermedades del sistema respiratorio;J60–J70;Enfermedades del pulmón debidas a agentes externos;J67;Neumonitis debida a hipersensibilidad al polvo orgánico;Canonical
X;Enfermedades del sistema respiratorio;J60–J70;Enfermedades del pulmón debidas a agentes externos;J67;alveolitis y neumonitis alérgicas debidas a la inhalación de polvo orgánico y partículas de origen micótico, actinomicético, u otro;Inclusion
X;Enfermedades del sistema respiratorio;J60–J70;Enfermedades del pulmón debidas a agentes externos;J68;Afecciones respiratorias debidas a inhalación de gases, humos, vapores y sustancias químicas;Canonical
X;Enfermedades del sistema respiratorio;J60–J70;Enfermedades del pulmón debidas a agentes externos;J69;Neumonitis debida a sólidos y líquidos;Canonical
X;Enfermedades del sistema respiratorio;J60–J70;Enfermedades del pulmón debidas a agentes externos;J70;Afecciones respiratorias debidas a otros agentes externos;Canonical
X;Enfermedades del sistema respiratorio;J80–J84;Otras enfermedades respiratorias que afectan principalmente al intersticio;J80;Síndrome de dificultad respiratoria del adulto;Canonical
X;Enfermedades del sistema respiratorio;J80–J84;Otras enfermedades respiratorias que afectan principalmente al intersticio;J80;Enfermedad de la membrana hialina del adulto;Inclusion
X;Enfermedades del sistema respiratorio;J80–J84;Otras enfermedades respiratorias que afectan principalmente al intersticio;J81;Edema pulmonar;Canonical
X;Enfermedades del sistema respiratorio;J80–J84;Otras enfermedades respiratorias que afectan principalmente al intersticio;J81;Edema agudo del pulmón;Inclusion
X;Enfermedades del sistema respiratorio;J80–J84;Otras enfermedades respiratorias que afectan principalmente al intersticio;J81;Congestión pulmonar;Inclusion
X;Enfermedades del sistema respiratorio;J80–J84;Otras enfermedades respiratorias que afectan principalmente al intersticio;J81;Congestión pulmonar pasiva;Inclusion
X;Enfermedades del sistema respiratorio;J80–J84;Otras enfermedades respiratorias que afectan principalmente al intersticio;J82;Eosinofilia pulmonar, no clasificada en otra parte;Canonical
X;Enfermedades del sistema respiratorio;J80–J84;Otras enfermedades respiratorias que afectan principalmente al intersticio;J82;Asma eosinófila;Inclusion
X;Enfermedades del sistema respiratorio;J80–J84;Otras enfermedades respiratorias que afectan principalmente al intersticio;J82;Eosinofilia tropical SAI;Inclusion
X;Enfermedades del sistema respiratorio;J80–J84;Otras enfermedades respiratorias que afectan principalmente al intersticio;J82;Eosinofilia tropical pulmonar SAI;Inclusion
X;Enfermedades del sistema respiratorio;J80–J84;Otras enfermedades respiratorias que afectan principalmente al intersticio;J82;Neumonía de Löffler;Inclusion
X;Enfermedades del sistema respiratorio;J80–J84;Otras enfermedades respiratorias que afectan principalmente al intersticio;J84;Otras enfermedades pulmonares intersticiales;Canonical
X;Enfermedades del sistema respiratorio;J85–J86;Afecciones supurativas y necróticas de las vías respiratorias inferiores;J85;Absceso del pulmón y del mediastino;Canonical
X;Enfermedades del sistema respiratorio;J85–J86;Afecciones supurativas y necróticas de las vías respiratorias inferiores;J86;Piotórax;Canonical
X;Enfermedades del sistema respiratorio;J85–J86;Afecciones supurativas y necróticas de las vías respiratorias inferiores;J86;Absceso de pleura;Inclusion
X;Enfermedades del sistema respiratorio;J85–J86;Afecciones supurativas y necróticas de las vías respiratorias inferiores;J86;Absceso de tórax;Inclusion
X;Enfermedades del sistema respiratorio;J85–J86;Afecciones supurativas y necróticas de las vías respiratorias inferiores;J86;pioneumotórax;Inclusion
X;Enfermedades del sistema respiratorio;J90–J94;Otras;J90;Derrame pleural no clasificado en otra parte;Canonical
X;Enfermedades del sistema respiratorio;J90–J94;Otras;J90;Pleuresía con derrame;Inclusion
X;Enfermedades del sistema respiratorio;J90–J94;Otras;J91;Derrame pleural en afecciones clasificadas en otra parte;Canonical
X;Enfermedades del sistema respiratorio;J90–J94;Otras;J92;Paquipleuritis;Canonical
X;Enfermedades del sistema respiratorio;J90–J94;Otras;J92;engrosamiento pleural;Inclusion
X;Enfermedades del sistema respiratorio;J90–J94;Otras;J93;Neumotórax;Canonical
X;Enfermedades del sistema respiratorio;J90–J94;Otras;J94;Otras afecciones de la pleura;Canonical
X;Enfermedades del sistema respiratorio;J95–J99;Otras enfermedades del sistema respiratorio;J95;Trastornos del sistema respiratorio consecutivos a procedimientos, no clasificados en otra parte;Canonical
X;Enfermedades del sistema respiratorio;J95–J99;Otras enfermedades del sistema respiratorio;J96;Insuficiencia respiratoria, no clasificada en otra parte;Canonical
X;Enfermedades del sistema respiratorio;J95–J99;Otras enfermedades del sistema respiratorio;J98;Otros trastornos respiratorios;Canonical
X;Enfermedades del sistema respiratorio;J95–J99;Otras enfermedades del sistema respiratorio;J99;Trastornos respiratorios en enfermedades clasificadas en otra parte;Canonical
